ammonia plant saf. relat. facil,ammonia plant safety and related facilities
an. asoc. quim. argent.,anales de la asociacion quimica argentina
an. quim.,anales de quimica
anal. biochem.,analytical biochemistry
anal. chem.,analytical chemistry
anal. chim.,annali di chimica
anal. chim. acta,analytica chimica acta
anal. commun.,analytical communications
anal. lett.,analytical letters
anal. sci.,analytical sciences
angew. chem. int. ed.,angewandte chemie international edition
angew. makromol. chem.,angewandte makromolekulare chemie
ann. chim. - sci. mat.,annales de chimie - science des materiaux
ann. chim. (rome),annali di chimica
ann. clin. biochem.,annals of clinical biochemistry
ann. n.y. acad. sci.,annals of the new york academy of sciences
annu. rep. med. chem.,annual reports in medicinal chemistry
annu. rep. prog. chem. sect. a: inorg. chem.,annual reports on the progress of chemistry, section a: inorganic chemistry
annu. rep. prog. chem. sect. b: org. chem.,annual reports on the progress of chemistry, section b: organic chemistry
annu. rep. prog. chem. sect. c: phys. chem.,annual reports on the progress of chemistry, section c: physical chemistry
annu. rev. biochem,annual review of biochemistry
annu. rev. biophys. biomol. struct.,annual review of biophysics and biomolecular structure
annu. rev. cell dev. biol.,annual review of cell and developmental biology
annu. rev. energy env.,annual review of energy and the environment
annu. rev. mater. sci.,annual review of materials science
annu. rev. pharmacool. toxicol.,annual review of pharmacology and toxicology
annu. rev. phys. chem.,annual review of physical chemistry
anti-cancer drug des.,anti-cancer drug design
anticancer res.,anticancer research
antimicrob. agents chemother.,antimicrobial agents and chemotherapy
antisense nucleic acid drug dev.,antisense and nucleic acid drug development
antiviral chem. chemother.,antiviral chemistry and chemotherapy
appita j.,appita journal
appl. biochem. biotechnol.,applied biochemistry and biotechnology
appl. catal., a,applied catalysis a
appl. catal., b,applied catalysis b
appl. compos. mater.,applied composite materials
appl. environ. microbiol.,applied and environment microbiology
appl. geochem.,applied geochemistry
appl. magn. reson.,applied magnetic resonance
appl. microbiol. biotechnol.,applied microbiology and biotechnology
appl. opt.,applied optics
appl. organomet. chem.,applied organometallic chemistry
appl. phys. a,applied physics a
appl. phys. b,applied physics b
appl. phys. lett.,applied physics letters
appl. radiat. isot.,applied radiation and isotopes
appl. sci. res.,applied scientific research
appl. spectrosc.,applied spectroscopy
appl. supercond.,applied superconductivity
appl. surf. sci.,applied surface science
appl. therm. eng.,applied thermal engineering
aquat. toxicol.,aquatic toxicology
arch. biochem. biophys.,archives of biochemistry and biophysics
arch. environ. contam. toxicol.,archives of environment contamination and toxicology
arch. environ. health,archives of environment health
arch. insect biochem. physiol.,archives of insect biochemistry and physiology
arch. microbiol.,archives of microbiology
arch. pharm.,archiv der pharmazie
arch. pharmacal res.,archives of pharmacal research
arch. physiol. biochem.,archives of physiology and biochemistry
arch. toxicol.,archives of toxicology
arch. virol,archives of virology
artif. cells, blood substitues, immobilization biotechnol.,artificial cells blood substitutes and immobilization biotechnology
arzneim.-forsch.,arzneimittel-forschung/drug research
asian j. chem.,asian journal of chemistry
asian j. spectro.,asian journal of spectroscopy
astm spec. tech. publ.,astm specical technical publication
astron. astrophys.,astronomy and astrophysics
astron. j.,astronomy journal
astrophys j.,astrophysics journal
at. data nucl. data tables,atomic data and nuclear data tables
at. energ.,atomic energy
at. spectrosc.,atomic spectroscopy
atmos. environ.,atmospheric environment
atomization sprays,atomization and sprays
aust. j. chem.,australian journal of chemistry
behav. pharmacol.,behavioural pharmacology
ber.,chemische berichte
ber. bunsen-ges. phys. chem,berichte der bunsen-gesellschaft physical chemistry chemical physics
biocatal. biotransform.,biocatalysis and biotransformation
biochem. arch.,biochemical archives
biochem. biophys. res. commun.,biochemical and biophysical research communications
biochem. cell biol.,biochemistry and cell biology-biochimie et biologie cellulaire
biochem. eng. j.,biochemical engineering journal
biochem. genet.,biochemical genetics
biochem. j,biochemical journal
biochem. med. metab. biol.,biochemical medicine and metabolic biology
biochem. mol. biol. int.,biochemistry and molecular biology international
biochem. mol. med.,biochemical and molecular medicine
biochem. pharmacol.,biochemical pharmacology
biochem. soc. symp.,biochemical society symposium
biochem. soc. trans.,biochemical society transactions
biochem. syst. ecol.,biochemical systematics and ecology
biochim. biophys. acta,biochimica et biophysica acta
bioconjugate chem.,bioconjugate chemistry
bioelectrochem. bioenerg.,bioelectrochemistry and bioenergetics
biog. amines,biogenic amines
biol. chem.,biological chemistry
biol. chem. hoppe-seyler,biological chemistry hoppe-seyler
biol. membr.,biological membranes
biol. pharm. bull.,biological and pharmaceutical bulletin
biol. trace elem. res.,biological trace element research
biomass bioenergy,biomass and bioenergy
biomed. chromatogr.,biomedical chromatography
bio-med. mater. eng.,bio-medical materials and engineering
biomed. microdevices,biomedical microdevices
biomol. eng,biomolecular engineering
bioorg. chem.,bioorganic chemistry
bioorg. khim,bioorganicheskaya khimiya (russian journal of bioorganic chemistry)
bioorg. med. chem.,bioorganic and medicinal chemistry
bioorg. med. chem. lett.,bioorganic and medicinal chemistry letters
biopharm. drug dispos.,biopharmaceutics and drug disposition
biophys. chem.,biophysical chemistry
biophys. j .,biophysical journal
bioprocess. eng.,bioprocess engineering
biorem. j.,bioremediation journal
bioresour. technol.,bioresource technology
biosci. rep.,bioscience reports
biosci., biotechnol., biochem.,bioscience biotechnology and biochemistry
biosens. bioelectron.,biosensors and bioelectronics
biotech. histochem.,biotechnic and histochemistry
biotechnol. adv.,biotechnology advances
biotechnol. appl. biochem.,biotechnology and applied biochemistry
biotechnol. bioeng.,biotechnology and bioengineering
biotechnol. biotechnol. equip.,biotechnology and biotechnological equipment
biotechnol. lett,biotechnology letters
biotechnol. progr.,biotechnology progress
biotechnol. tech.,biotechnology techniques
bol. soc. chil. quim.,boletin de la sociedad chilena de quimica
br. ceram. trans.,british ceramic transactions
br. corros. j.,british corrosion journal
br. j. pharmacol.,british jornal of pharmacology
brennst.-warme-kraft,brennstoff-warme-kraft
bull. chem. soc. jpn.,bulletin of the chemical society of japan
bull. electrochem.,bulletin of electrochemistry
bull. environ. contam. toxicol.,bulletin of environment contamination and toxicology
bull. exp. biol. med.,
bull. hist. chem.,bulletin for the history of chemistry
bull. korean chem. soc.,bulletin of the korean chemical society
bull. mater. sci.,bulletin of materials science
bull. pol. acad. sci., chem.,bulletin of the polish academy of sciences chemistry
bull. soc. chim. belg.,bulletin des societes chimiques belges
bull. soc. chim. fr.,bulletin de la societe chimique de france
c.r. acad. sci., ser. iia: sci. terre planets,comptes rendus de l' academie des sciences serie iia:sciences de la terre et des planets
c.r. acad. sci., ser. iib: mec., phys., chim., astron.,comptes rendus de l' academie des sciences serie iib:mecanique physique chimie astronomie
c.r. acad. sci., ser. iic: chim.,comptes rendus de l' academie des sciences serie iic:chemie
c.r. acad. sci., ser. iii,comptes rendus de l' academie des sciences serie iii: sciences de la vie
cah. inf. tech./rev metall,cahiers d'informations techniques / revue de metallurgie
calphad,calphad - computer coupling of phase diagrams and thermochemistry
can. ceram. q.,canadian ceramics quarterly
can. j. anal. sci. spectros.,canadian journal of analytical sciences and spectroscopy
can. j. biochem.,canadian journal of biochemistry
can. j. chem.,canadian journal of chemistry
can. j. chem. eng.,canadian journal of chemical engineering
can. j. microbiol.,canadian journal of microbiology
can. j. phys.,canadian journal of physics
can. j. physiol. pharmacol.,canadian journal of physiology and pharmacology
can. metall. q.,canadian metallurgical quarterly
can. min. j.,canadian mining journal
can. mineral.,canadian mineralogist
carbohydr. chem.,carbohydrate chemistry
carbohydr. lett.,carbohydrate letters
carbohydr. polym.,carbohydrate polymers
carbohydr. res.,carbohydrate research
cat. rev. - sci. eng.,catalysis reviews - science and engineering
catal. commun.,catalysis communications
catal. lett.,catalysis letters
catal. today,catalysis today
cell biochem. funct.,cell biochemistry and function
cell. physiol. biochem.,cellular physiology and biochemistry
cell. polym.,cellular polymers
cellul. chem. technol.,cellulose chemistry and technology
cem. concr. compos.,cement and concrete composites
cem. concr. res.,cement and concrete research
ceram. int.,ceramics international
ceram. silik.,ceramics - silikaty
ceram. trans.,ceramic transactions
cereal chem.,cereal chemistry
chem. anal. (warsaw),chemia analityczna
chem. -anlagen verfahren,chemie anlagen und verfahren
chem. aust.,chemistry in australia
chem. ber.,chemische berichte
chem. ber. recl.,chemische berichte-recueil
chem. biochem. eng. q.,chemical and biochemical engineering quarterly
chem. biol. interact.,chemico-biological interactions
chem. br.,chemistry in britain
chem. commun.,chemical communications
chem. eng. (london),chemical engineer (london)
chem. eng. (new york),chemical engineering (new york)
chem. eng. commun.,chemical engineering communications
chem. eng. j.,chemical engineering journal
chem. eng. news,chemical and engineering news
chem. eng. process.,chemical engineering and processing
chem. eng. prog.,chemical engineering progress
chem. eng. res. des.,chemical engineering research and design
chem. eng. sci.,chemical engineering science
chem. eng. technol.,chemical engineering and technology
chem. eur. j.,chemistry- a european journal
chem. eur. j.,chemistry a european journal
chem. express,chemistry express
chem. fibers int.,chemical fibers international
chem. geol.,chemical geology
chem. heterocycl. compd.,chemistry of heterocyclic compounds
chem. ind. (london),chemistry and industry
chem. ing. tech.,chemie ingenieur technik
chem. lett.,chemistry letters
chem. listy,chemicke listy
chem. mater.,chemistry of materials
chem. nat. compd.,chemistry of natural compounds
chem. pap. - chem. zvesti,chemical papers - chemicke zvesti
chem. pharm. bull.,chemical and pharmaceutical bulletin
chem. phys.,chemical physics
chem. phys. carbon,chemistry and physics of carbon
chem. phys. lett.,chemical physics letters
chem. phys. lipids,chemistry and physics of lipids
chem. process.,chemical processing
chem. res. toxicol.,chemical research in toxicology
chem. rev.,chemical reviews
chem. senses,chemical senses
chem. soc. rev.,chemical society reviews
chem. speciation bioavailability,chemical speciation and bioavailability
chem. tech.,chemtech
chem. tech. (leipzig),chemische technik
chem. technol. fuels oils,chemistry and technology of fuels and oils
chem. unserer zeit,chemie in unserer zeit
chem. vap. deposition,chemical vapor deposition
chem. week,chemical week
chemom. intell. lab. syst.,chemometrics and intelligent laborary systems
chin. chem. lett.,chinese chemical letters
chin. j. chem .,chinese journal of chemistry
chin. j. chem. eng.,chinese journal of chemical engineering
chin. j. nucl. phys.,chinese journal of nuclear physics
chin. j. polym. sci.,chinese journal of polymer science
chin. sci. bull.,chinese science bulletin
chromatogr. sci. ser.,chromatographic science series
cim bull.,cim bulletin
clays clay miner.,clays and clay minerals
clin. biochem.,clinical biochemistry
clin. chem.,clinical chemistry
clin. chim. acta,clinica chimica acta
collect. czech. chem. commun.,collection of czechoslovak chemical communications
colloid j.,colloid journal
colloid. polym. sci.,colloid and polymer science
colloids surf., a,colloids and surfaces a
colloids surf., b,colloids and surfaces b
comb. chem. high throughput screening,combinatorial chemistry and high throughput screening
combust. flame,combustion and flame
combust. sci. technol.,combustion science and technology
comments inorg. chem.,comments on inorganic chemistry
comp. biochem. physiol. a: physiol.,comparative biochemistry and physiology a: physiology
comp. biochem. physiol. b: biochem. mol. biol.,comparative biochemistry and physiology b: biochemistry and molecular biology
comp. biochem. physiol. c: pharmacol. toxicol.,comparative biochemistry and physiology c: pharmacology toxicology and endocrinology
compos. eng.,composites engineering
compos. interfaces,composite interfaces
compos. sci. technol.,composites science and technology
compos. struct.,composite structures
composites part a,composites part a applied science and manufacturing
composites part b,composites part b engineering
comput. chem. (oxford),computers and chemistry
comput. chem. eng.,computers and chemical engineering
comput. mater. sci.,computation materials science
comput. phys. commun.,computer physics communications
comput. theor. polym. sci.,computational and theoretical polymer science
concepts magn. reson.,concepts in magenetic resonance
concr. eng. int.,concrete engineering international
concr. int.,concrete international
concr. sci. eng.,concrete science and engineering
condens. matter phys.,condensed matter physics
condens. matter theor.,condensed matter theories
continuum mech. thermodyn.,continuum mechanics and thermodynamics
contrib. mineral. petrol.,contributions to mineralogy and petrology
coord. chem. rev.,coordination chemistry reviews
corros. rev.,corrosion reviews
corros. sci.,corrosion science
cpp chem. plants and process.,cpp chemical plants and processing
crit. rev. anal. chem.,critical reviews in analytical chemistry
crit. rev. biochem. mol. biol.,critical reviews in biochemistry and molecular biology
crit. rev. biotechnol.,critical reviews in biotechnology
crit. rev. env. sci. technol.,critical reviews in environment science and technology
crit. rev. solid state mater. sci.,critical reviews in solid state and materials sciences
crit. rev. toxicol.,critical reviews in toxicology
croat. chem. acta,croatica chemica acta
cryst. eng.,crystal engineering
cryst. growth des.,crystal growth and design
cryst. res. technol.,crystal research and technology
curr. opin. biotechnol.,current opinion in biotechnology
curr. opin. chem. biol.,current opinion in chemical biology
curr. opin. colloid interface sci.,current opinion in colloid and interface science
curr. opin. pharmacol.,current opinion in pharmacology
curr. opin. solid state mater. sci.,current opinion in solid state and materials science
curr. org. chem.,current organic chemistry
curr. plant sci. biotechnol. agric.,current plant science in biotechnology and agriculture
curr. top. med. chem.,current topics in medicinal chemistry
curr. top. membr.,current topics in membranes
dent. mater.,dental materials
diamond films technol.,diamond films and technology
diamond relat. mater.,diamond and related materials
dokl. akad. nauk,doklady akademii nauk
drug chem. toxicol.,drug and chemical toxicology
drug dev. ind. pharm.,drug development and industrial pharmacy
drug dev. res.,drug development research
drug discovery today,drug discovery today
drying technol.,drying technology
e, 
earth. planet. sci. lett.,earth and planetary science letters
ecol. eng.,ecological engineering
econ. geol.,economic geology and the bulletin of the society of economic geologists
ecotoxicol. environ. saf.,ecotoxicology and environment safety
educ. chem.,education in chemistry
electro- magnetobiol.,electro- and magnetobiology
electrochem. commun.,electrochemistry communications
electrochem. soc. interface,electrochemical society interface
electrochem. solid-state lett.,electrochemical and solid-state letters
electrochim. acta,electrochimica acta
electron technol.,electronic technology
electron. lett,electronics letters
embo j.,embo journal
energy convers. manage.,energy conversion and management
energy fuels,energy and fuels
eng. min. j.,engineering and mining journal
environ. carcinog. ecotoxicol. rev.,environment carcinogenesis and ecotoxicology reviews
environ. geochem. health,environmental geochemistry and health
environ. geol.,environmental geology
environ. health perspect.,environmental health perspectives
environ. microbiol.,environmental microbiology
environ. monit. assess.,environmental monitoring and assessment
environ. pollut.,environmental pollution
environ. prog.,environmental progress
environ. res.,environmental research
environ. sci. technol.,environmental science and technology
environ. technol.,environmental technology
environ. toxicol. chem.,environmental toxicology and chemistry
environ. toxicol. pharmacol.,environmental toxicology and pharmacology
environ. toxicol. water qual.,environmental toxicology and water quality
enzyme microb. technol.,enzyme and microbial technology
enzyme protein,enzyme and protein
erdol and kohle erdgas, petrochem.,erdol and kohle erdgas, petrochemie
eur. j. biochem.,european journal of biochemistry
eur. j. clin. chem. clin. biochem.,european journal of clinical chemistry and clinical biochemistry
eur. j. inorg. chem.,european journal of inorganic chemistry
eur. j. lipid sci. technol.,european journal of lipid science and technology
eur. j. mass spectrom.,european journal of mass spectrometry
eur. j. med. chem.,european journal of medical chemistry
eur. j. mineral.,european journal of mineralogy
eur. j. org. chem.,european journal of organic chemistry
eur. j. pharmacol.,european journal of pharmacology
eur. j. solid state inorg. chem.,european journal of solid state and inorganic chemistry
eur. mass spectrom.,european mass spectrometry
eur. polym. j.,european polymer journal
europhys. lett.,europhysics letters
exp. fluids,experiments in fluids
exp. therm fluid sci.,experimental thermal and fluid science
explor. min. geol.,exploration and mining geology
faraday discuss.,faraday discussions
faseb j.,faseb journal
fatigue fract. eng. mater. struct.,fatigue and fracture of engineering materials and structures
febs lett.,febs letters
fems immunol. med. microbiol.,fems immunology and medical microbiology
fems microbiol. ecol.,fems microbiology ecology
fems microbiol. lett.,fems microbiology letters
fems microbiol. rev.,fems microbiology review
ferroelectr. lett.,ferroelectrics letters
ferroelectr. rev.,ferroelectrics review
fett - lipid,fett - lipid
fiber integr. opt.,fiber and integrated optics
field anal. chem. technol.,field analytical chemistry and technology.
filtr. sep.,filtration and separation
fiz. met. metalloved.,fizika metallov i metallovedenie
fluid phase equilib.,fluid phase equilibria
fluid/part. sep. j.,fluid/particle separation journal
fold des.,folding and design
food addit. contam.,food additives and contaminants
food biotechnol.,food biotechnology
food chem.,food chemistry
food chem. toxicol.,food and chemical toxicology
food sci. technol. int.,food science and technology international
free radical biol. med.,free radical biology and medicine
free radical res.,free radical research
fresenius environ. bull.,fresenius environment bulletin
fresenius j. anal. chem.,fresenius journal of analytical chemistry
front sci. ser.,frontier science series
fuel process. technol.,fuel processing technology
fuel sci. technol. int.,fuel science and technology international
fullerene sci. technol.,fullerene science and technology
funct. integr. genomics,functional and integrative genomics
fundam. appl. toxicol.,fundamental and applied toxicology
fusion eng. des.,fusion engineering and design
fusion technol.,fusion technology
g, 
galvanotechnik,galvanotechnik
gas sep. purif.,gas separation and purification
gazz. chim. ital.,gazzetta chimica italiana
gefahrstoffe - reinhalt. luft,gefahrstoffe reinhaltung der luft
genet. anal. - biomol. eng.,genetic analysis - biomolecular engineering
geochem. geophys. geosyst.,geochemistry, geophysics, geosystems
geochem. j.,geochemical journal
geochem. trans.,geochemical transactions
geochem.: explor. environ., anal.,geochemistry: exploration, environment, analysis
geochim. cosmochim. acta,geochimica et cosmochimica acta
geol geofiz,geologiya i geofizika
geomicrobiol. j.,geomicrobiology journal
glass ceram.,glass and ceramics
glass phys. chem,glass physics and chemistry
glass res.,glass research
glass sci. technol.,glass science and technology
glass technol.,glass technology
global biogeochem. cycles,global biogeochemical cycles
global j. pure appl. sci.,global journal of pure and applied sciences
glycoconjugate j.,glycoconjugate journal
green chem.,greem chemistry
ground water monit. rem.,ground water monitoring and remediation
handb. exp. pharmacol.,handbook of experimental pharmacology
hazard. waste hazard. mater.,hazardous waste and hazardous materials
health phys.,health physics
heat mass transfer.,heat and mass transfer
heat treat. met.,heat treatment of metals
heiv. chim. acta,heivetica chimica acta
heteroat. chem,heteroatom chemistry
heterocycl. commun.,heterocyclic communications
heterogen. chem. rev.,heterogeneous chemistry reviews
high energ. chem.,high energy chemistry
high perform. polym.,high performance polymers
high temp. mater. processes (london),high temperature materials and processes
high temp. mater. processes (new york),high temperature material processes
holz roh werkst.,holz als roh und werkstoff
hoppe-seyler's z. physiol. chem.,hoppe-seyler's zeitschrift fur physiologische chemie
hrc j. high resolut. chromatogr.,hrc journal of high resolution chromatography
hung. j. ind. chem.,hungarian journal of industrial chemistry
hydrocarbon process., int. ed.,hydrocarbon processing, international edition
hyperfine interact.,hyperfine interactions
i, 
ieee sens. j.,ieee sensors journal
ind. diamond rev.,industrial diamond review
ind. eng. chem. fundam.,industrial and engineering chemistry research fundamentals
ind. eng. chem. res.,industrial and engineering chemistry research
indian j. biochem. biophys.,indian journal of biochemistry and biophysics
indian j. chem. technol.,indian journal of chemical technology
indian j. chem., sect a,indian journal of chemistry section a: inorganic, bio-inorganic, physical, theoretical and analytical chemistry
indian j. chem., sect b,indian journal of chemistry section b: organic chemistry including medicinal chemistry
indian j. eng. mater. sci.,indian journal of engineering and materials science
indian j. heterocycl. chem.,indian journal of heterocyclic chemistry
indian j. pure appl. phys.,indian journal of pure and applied physics
indian j. technol.,indian journal of technology
infrared phys. technol.,infrared physics and technology
ing. quim.,ingeniera quimica (madrid)
inorg. chem.,inorganic chemistry
inorg. chem. commun.,inorganic chemistry communications
inorg. chim. acta,inorganica chimica acta
inorg. mater.,inorganic materials
inorg. react. mech.,inorganic reaction mechanisms
inorg. synth.,inorganic syntheses
insect biochem. mol. biol.,insect biochemisry and molecular biology
instrum sci. technol.,instrumentation science and technology
int. biodeterior. biodegrad.,international biodeterioration and biodegradation
int. data ser., sel. data mixtures, ser. a,international data series, selected data on mixtures, series a
int. j. adhes. adhes.,international journal of adhesion and adhesives
int. j. biochem.,international journal of biochemistry
int. j. biochem. cell biol.,international journal of biochemistry and cell biology
int. j. bio-chromatogr.,international journal of biochromatography
int. j. biol. macromol.,international journal of biological macromolecules
int. j. cast met. res.,international journal of cast metals research
int. j. chem. kinet.,international journal of chemical kinetics
int. j. environ. anal. chem.,international journal of environment analytical chemistry
int. j. fatigue,international journal of fatigue
int. j. heat fluid flow,international journal of heat and fluid flow
int. j. heat mass transfer,international journal of heat and mass transfer
int. j. hydrogen energy,international journal of hydrogen energy
int. j. immunopharmacol,international journal of immunopharmacology
int. j. inorg. mater.,international journal of inorganic materials
int. j. mass spectrom.,international journal of mass spectrometry
int. j. mass spectrom. ion processes,international journal of mass spectrometry and ion processes
int. j. miner. process.,international journal of mineral processing
int. j. mod phys b,international journal of modern physics b
int. j. multiphase flow,international journal of multiphase flow
int. j. numer. methods fluids,international journal for numerical methods in fluids
int. j. oncol.,international journal of oncology
int. j. pept. protein res.,international journal of peptide and protein research
int. j. pharm.,international journal of pharmaceutics
int. j. phytorem.,international journal of phytoremediation
int. j. plast.,international journal of plasticity
int. j. polym. anal. charact.,international journal of polymer analysis and characterization
int. j. polymer. mater.,international journal of polymeric materials
int. j. powder metall.,international journal of powder metallurgy
int. j. quantum chem,international journal of quantum chemistry
int. j. radiat biol.,international journal of radiation biology
int. j. refract. met. hard mater.,international journal of refractory metals and hard materials
int. j. self-propag. high-temp synth.,international journal of self-propagating high-temperature synthesis
int. j. thermophys.,international journal of thermophysics
int. mater. rev.,international materials reviews
int. polym. proc.,international polymer processing
int. rev. phys. chem.,international reviews in physical chemistry
interface sci.,interface science
internet j. chem.,internet journal of chemistry
internet j. vib. spectro.,internet journal of vibrational spectroscopy
inz. chem. procesowa,inzynieria chemiczna i procesowa
ironmaking steelmaking,ironmaking and steelmaking
isij int.,isij international
isr. j. chem.,israel journal of chemistry
j. adhes.,journal of adhesion
j. adhes. sci. technol.,journal of adhesion science and technology
j. adv. mater.,journal of advanced materials
j. aerosol sci,journal of aerosol science
j. agric. food. chem.,journal of agricultural and food chemistry
j. air waste manage. assoc.,journal of the air and waste management association
j. alloys compd.,journal of alloys and compounds
j. am. ceram. soc.,journal of the american ceramic society
j. am. chem. soc.,journal of the american chemical society
j. am. oil chem. soc.,journal of the american oil chemists society
j. am. soc. brew. chem.,journal of the american society of brewing chemists
j. am. soc. mass. spectrom.,journal of the american society for mass spectrometry
j. amer. chem. soc.,journal of the american chemical society
j. anal. appl. pyrolysis,journal of analytical and applied pyrolysis
j. anal. at. spectrom.,journal of analytical atomic spectrometry
j. anal. chem.,journal of analytical chemistry
j. anal. toxicol.,journal of analytical toxicology
j. antibiot.,journal of antibiotics
j. antimicrob. chemother.,journal of antimicrobial chemotherapy
j. aoac int.,journal of aoac international
j. appl. bacteriol.,journal of applied bacteriology
j. appl. biomater.,journal of applied biomaterials
j. appl. crystallogr.,journal of applied crystallography
j. appl. electrochem.,journal of applied electrochemistry
j. appl. phycol.,journal of applied phycology
j. appl. phys.,journal of applied physics
j. appl. polym. sci.,journal of applied polymer science
j. appl. spectrosc.,journal of applied spectroscopy
j. appl. toxicol.,journal of applied toxicology
j. asian nat. prod. res.,journal of asian natural products research
j. autom. chem.,journal of automatic chemistry
j. autom. methods manage. chem.,journal of automated methods & management in chemistry
j. bacteriol.,journal of bacteriology
j. bioact. compat. polym.,journal of bioactive and bompatible polymers
j. biochem.,journal of biochemistry
j. biochem. bioph. methods,journal of biochemical and biophysical methods
j. biol. chem.,journal of biological chemistry
j. biol. inorg. chem.,journal of biological inorganic chemistry
j. biolumin. chemilumin.,journal of bioluminescence and chemiluminescence
j. biomater. appl.,journal of biomaterials applications
j. biomater. sci., polym. ed.,journal of biomaterials science polymer edition
j. biomed. mater. res.,journal of biomedial materials research
j. biomol. nmr,journal of biomolecular nmr
j. biomol. struct. dyn.,journal of biomolecular structure and dynamics
j. biotechnol.,journal of biotechnology
j. can. pet. technol.,journal of canadian petroleum technology
j. carbohydr. chem.,journal of carbohydrate chemistry
j. cardiovasc. pharmacol.,journal of cardiovascular pharmacology
j. catal.,journal of catalysis
j. cell biol.,journal of cell biology
j. cell sci.,journal of cell science
j. cell. biochem.,journal of cellular biochemistry
j. cell. physiol.,journal of cellular physiology
j. ceram. soc. jpn.,journal of the ceramic society of japan
j. chem. crystallogr.,journal of chemical crystallography
j. chem. ecol.,journal of chemical ecology
j. chem. educ.,journal of chemical education
j. chem. eng. data,journal of chemical and engineering data
j. chem. eng. jpn.,journal of chemical engineering of japan
j. chem. inf. comput. sci.,journal of chemical information and computer science
j. chem. neuroanat.,journal of chemical neuroanatomy
j. chem. phys.,journal of chemical physics
j. chem. res., synop .,journal of chemical research synopsis
j. chem. soc.,journal of the chemical society
j. chem. soc. pak.,journal of the chemical society of pakistan
j. chem. soc., chem. commun.,journal of the chemical society, chemical communications
j. chem. soc., dalton trans.,journal of the chemical society, dalton transactions
j. chem. soc., faraday trans.,journal of the chemical society, faraday transactions
j. chem. soc., perkin trans. 1,journal of the chemical society, perkin transactions 1
j. chem. soc., perkin trans. 2,journal of the chemical society, perkin transactions 2
j. chem. technol. biotechnol.,journal of chemical technology and biotechnology
j. chem. thermodyn.,journal of chemical thermodynamics
j. chemom.,journal of chemometrics
j. chim. phys. phys.- chim. biol.,journal de chimie physique et de physico-chimie biologique
j. chin. chem. soc.,journal of the chinese chemical society
j. chin. inst. chem. eng,,journal of the chinese institute of chemical engineers
j. chromatogr.,journal of chromatography
j. chromatogr. a,journal of chromatography a
j. chromatogr. b,journal of chromatography b
j. chromatogr. sci.,journal of chromatographic science
j. clin. endocrinol. metab.,journal of clinical endocrinology and metabolism
j. clin. microbiol.,journal of clinical microbiology
j. cluster sci.,journal of cluster science
j. coat. technol.,journal of coatings technology
j. colloid interface sci.,journal of colloid and interface science
j. comb. chem.,journal of combinatorial chemistry
j. compos. mater.,journal of composite materials
j. compos. tech. res.,journal of composites technology and research
j. comput. aided mater. des.,journal of computer-aided materials design
j. comput. aided mol. des.,journal of computer-aided molecular design
j. comput. chem.,journal of computational chemistry
j. contam. hydrol.,journal of contaminant hydrology
j. controlled release,journal of controlled release
j. coord. chem.,journal of coordination chemistry
j. cryst. growth,journal of crystal growth
j. dairy sci.,journal of dairy science
j. dispersion sci. technol.,journal of dispersion science and technology
j. elastomers plast.,journal of elastomers and plastics
j. electroanal. chem.,journal of electroanalytical chemistry
j. electroceram.,journal of electroceramics
j. electrochem. soc.,journal of the electrochemical society
j. electron microsc.,journal of electron microscopy
j. electron. mater.,journal of electronic materials
j. electron. spectrosc. relat. phenom.,journal of electron spectroscopy and related phenomena
j. endocrinol.,journal of endocrinology
j. endotoxin res.,journal of endotoxin research
j. eng. mater. technol.,journal of engineering materials and technology
j. environ. biol.,journal of environment biology
j. environ. eng.,journal of environment engineering
j. environ. health,journal of environment health
j. environ. manage.,journal of environment management
j. environ. monit.,journal of environmental monitoring
j. environ. qual.,journal of environment quality
j. environ. radioact.,journal of environment radioactivity
j. environ. sci. health., part a,journal of environment science and health, part a environmental science
j. environ. sci. health., part b,journal of environment science and health, part b pesticides
j. enzym inhib.,journal of enzyme inhibition
j. essent. oil res.,journal of essential oil research
j. ethnopharmacol.,journal of ethnopharmacology
j. eur. ceram. soc.,journal of the european ceramic society
j. exp. biol.,journal of experimental biology
j. exp. bot.,journal of experimental botany
j. exposure anal. environ. epidemiol.,journal of exposure analysis and environment epidemiology
j. ferment. bioeng.,journal of fermentation and bioengineering
j. fire sci.,journal of fire sciences
j. fluid mech.,journal of fluid mechanics
j. fluids eng.,journal of fluids engineering
j. fluorine chem.,journal of fluorine chemistry
j. food biochem.,journal of food biochemistry
j. food eng.,journal of food engineering
j. food lipids,journal of food lipids
j. food prot.,journal of food protection
j. food sci.,journal of food science
j. gen. appl. microbiol.,journal of general and applied microbiology
j. gen. microbiol.,journal of general microbiology
j. hazard. mater.,journal of hazardous materials
j. heat transfer,journal of heat transfer
j. heterocycl. chem.,journal of heterocyclic chemistry
j. high. resolut. chromatogr.,journal of high resolution chromatography
j. histochem. cytochem.,journal of histochemistry and cytochemistry
j. hypertens.,journal of hypertension
j. imaging sci. technol.,journal of imaging science and technology
j. inclusion phenom. mol. recognit. chem.,journal of inclusion phenomena and molecular recognition in chemistry
j. ind. microbiol.,journal of industrial microbiology
j. ind. microbiol. biotechnol.,journal of industrial microbiology and biotechnology
j. indian chem. soc.,journal of the indian chemical society
j. inorg. biochem.,journal of inorganic biochemistry
j. inorg. nucl. chem.,journal of inorganic and nuclear chemistry
j. inorg. organomet. polym.,journal of inorganic and organometallic polymers
j. inst. chem.,journal of institute of chemists (india)
j. inst. environ. sci.,journal of the institute of environment sciences
j. inst. water environ. manage.,journal of the institution of water and environment management
j. intell. mater. syst. struct.,journal of intelligent material systems and structures
j. interferon cytokine res.,journal of interferon and cytokine research
j. interferon res.,journal of interferon research
j. jpn. inst. met.,journal of the japan institute of metals
j. korean chem. soc.,journal of the korean chemical society
j. labelled compd. radiopharm.,journal of labelled compounds and radiopharmaceuticals
j. lipid mediators,journal of lipid mediators
j. lipid mediators cell signalling,journal of lipid mediators and cell signalling
j. lipid res.,journal of lipid research
j. liq. chromatogr.,journal of liquid chromatography
j. liq. chromatogr. related technol.,journal of liquid chromatography and related technologies
j. low temp. phys.,journal of low temperature physics
j. lumin.,journal of luminescence
j. macromol. sci., phys.,journal of macromolecular science - physics
j. macromol. sci., polym. rev.,journal of macromolecular science polymer reviews
j. macromol. sci., pure appl. chem.,journal of macromolecular science pure and applied chemistry
j. macromol. sci., rev. macromol. chem. phys.,journal of macromolecular science - reviews in macromolecular chemistry and physics
j. magn. magn. mater.,journal of magnetism and magnetic materials
j. magn. reson., ser a,journal of magnetic resonance series a
j. magn. reson., ser b,journal of magnetic resonance series b
j. mass spectrom.,journal of mass spectrometry
j. mater. chem.,journal of materials chemistry
j. mater. civ. eng.,journal of materials in civil engineering
j. mater. cycles waste manage.,journal of material cycles and waste management
j. mater. eng. perform.,journal of materials engineering and performance
j. mater. process. manuf. sci.,journal of materials processing and manufacturing science
j. mater. process. technol.,journal of materials processing technology
j. mater. res.,journal of materials research
j. mater. sci. - mater. electron.,journal of materials science - materials in electronics
j. mater. sci. - mater. med.,journal of materials science materials in medicine
j. mater. sci. lett.,journal of materials science letters
j. mater. sci. technol.,journal of materials science and technology
j. mater. synth. process.,journal of materials synthesis and processing
j. math. chem.,journal of mathematical chemistry
j. med. chem.,journal of medicinal chemistry
j. membr. biol.,journal of membrane biology
j. membr. sci.,journal of membrance science
j. microbiol. biotechnol.,journal of microbiology and biotechnology
j. microbiol. methods,journal of microbiological methods
j. microcolumn sep.,journal of microcolumn separations
j. microelectromech. syst.,journal of microelectronic systems
j. microencapsulation,journal of microencapsulation
j. mol. biol.,journal of molecular biology
j. mol. catal.,journal of molecular catalysis
j. mol. catal. a: chem.,journal of molecular catalysis a: chemical
j. mol. catal. b: enzym.,journal of molecular catalysis b: enzymatic
j. mol. graphics modell.,journal of molecular graphics and modelling
j. mol. liq.,journal of molecular liquids
j. mol. microbiol. biotechnol.,journal of molecular microbiology and biotechnology
j. mol. model.,journal of molecular modeling
j. mol. spectrosc.,journal of molecular spectroscopy
j. mol. struct.,journal of molecular structure
j. nanopart. res.,journal of nanoparticle research
j. nat. prod.,journal of natural products
j. near infrared spectrosc.,journal of near infrared spectroscopy
j. neurochem.,journal of neurochemistry
j. neurosci.,journal of neuroscience
j. neurosci. res.,journal of neuroscience research
j. new mater. electrochem. syst.,journal of new materials for electrochemical systems
j. non-cryst. solids,journal of non-crystalline solids
j. non-equilib. thermodyn.,journal of non-equilibrium thermodynamics
j. nucl. mater.,journal of nuclear materials
j. nucl. sci. technol.,journal of nuclear science and technology
j. opt. soc. am. b: opt. phys.,journal of the optical society of america b: optical physics
j. org. chem.,journal of organic chemistry
j. organomet. chem.,journal of organometallic chemistry
j. pet. sci. technol.,journal of petroleum science and technology
j. pharm. biomed. anal.,journal of pharmaceutical and biomedical analysis
j. pharm. pharmacol.,journal of pharmacy and pharmacology
j. pharm. sci.,journal of pharmaceutical sciences
j. pharmacol. exp. ther.,journal of pharmacology and experimental therapeutics
j. pharmacol. toxicol. methods,journal of pharmacological and toxicological methods
j. phase equilib.,journal of phase equilibrium
j. photochem. photobiol., a,journal of photochemistry and photobiology a
j. photochem. photobiol., b,journal of photochemistry and photobiology b
j. photopolym. sci. technol.,journal of photopolymer science and technology
j. phys. a: math. gen.,journal of physics a: mathematical and general
j. phys. b: at., mol. opt. phys.,journal of physics b: atomic molecular and optical physics
j. phys. chem.,journal of physical chemistry
j. phys. chem. a,journal of physical chemistry a
j. phys. chem. b,journal of physical chemistry b
j. phys. chem. ref. data,journal of physical and chemical reference data
j. phys. chem. solids,journal of physics and chemistry of solids
j. phys. d: appl. phys.,journal of physics d: applied physics
j. phys. g: nucl. part. phys.,journal of physics g: nuclear and particle physics
j. phys. i,journal de physique i
j. phys. ii,journal de physique ii
j. phys. iii,journal de physique iii
j. phys. iv,journal de physique iv
j. phys. org. chem.,journal of physical organic chemistry
j. phys. soc. jpn.,journal of the physical society of japan
j. phys.: condens. matter,journal of physics: condensed matter
j. planar. chromatogr. - mod. tlc,journal of planar chromatography - modern tlc
j. plant biochem. biotechnol.,journal of plant biochemistry and biotechnology
j. polym. eng.,journal of polymer engineering
j. polym. environ.,journal of polymers and the environment
j. polym. mater.,journal of polymer materials
j. polym. sci., part a: polym. chem.,journal of polymer science part a: polymer chemistry
j. polym. sci., part b: polym. phys.,journal of polymer science part b: polymer physics
j. porous mater.,journal of porous materials
j. porphyrins phthalocyanines,journal of porphyrins and phthalocyanines
j. power sources,journal of power sources
j. prakt. chem. /chem-ztg,journal fur praktische chemie - chemiker zeitung
j. propul. power,journal of propulsion and power
j. protein chem.,journal of protein chemistry
j. pulp pap. sci.,journal of pulp and paper science
j. quant. spectrosc. radiat. transfer,journal of quantitative spectroscopy and radiative transfer
j. radioanal. nucl. chem.,journal of radioanalytical and nuclear chemistry
j. radioanal. nucl. chem. art.,journal of radioanalytical and nuclear chemistry articles
j. radioanal. nucl. chem. lett.,journal of radioanalytical and nuclear chemistry letters
j. raman spectrosc.,journal of raman specroscopy
j. rapid methods autom. microbiol.,journal of rapid methods and automation in microbiology
j. reinf. plast. compos.,journal of reinforced plastics and composites
j. rheol.,journal of rheology
j. s. afr. inst. min. metall.,journal of the south african institute of mining and metallurgy
j. sci. food agric.,journal of the science of food and agriculture
j. sci. ind. res.,journal of scientific and industrial research
j. sep. sci.,journal of separation science
j. serb. chem. soc.,journal of the serbian chemical society
j. sol-gel sci. technol.,journal of sol-gel science and technology
j. solid state chem.,journal of solid state chemistry
j. solid state electrochem.,journal of solid state electrochemistry
j. solution chem.,journal of solution chemistry
j. steroid biochem. mol. biol.,journal of steroid biochemistry and molecular biology
j. strain anal. eng. des.,journal of strain analysis for engineering design
j. struct. chem.,journal of structural chemistry
j. supercrit. fluids,journal of supercritical fluids
j. synth. org. chem jpn.,journal of synthetic organic chemistry, japan
j. test. .,journal of testing and uation
j. therm. anal.,journal of thermal analysis
j. therm. anal. calorim.,journal of thermal analysis and calorimetry
j. therm. spray technol.,journal of thermal spray technology
j. thermophys heat transfer,journal of thermophysics and heat transfer
j. thermoplast. compos. mater.,journal of thermoplastic composite materials
j. toxicol. environ. health,journal of toxicology and environment health
j. toxicol., clin. toxicol.,journal of toxicology - clinical toxicology
j. toxicol., cutaneous ocul. toxicol.,journal of toxicology - cutaneous and ocular toxicology
j. toxicol., toxin rev.,journal of toxicology - toxin reviews
j. trace elem. exp. med.,journal of trace elements in experimental medicine
j. trace elem. med biol.,journal of trace elements in medicine and biology
j. trace microprobe tech.,journal of trace and microprobe techniques
j. vac. sci. technol., a,journal of vacuum science and technology a
j. vac. sci. technol., b,journal of vacuum science and technology b
j. wood chem. technol.,journal of wood chemistry and technology
jacs,journal of the american chemical society
jom,jom journal of the minerals metals and materials society
jpc j. planar chromatogr. - mod. tlc,jpc journal of planar chromatography modern tlc
jpn. j. appl. phys., part 1,japanese journal of applied physics part 1
jpn. j. appl. phys., part 2,japanese journal of applied physics part 2
jpn. j. cancer res.,japanese journal of cancer research
jpn. j. pharmacol.,japanese journal of pharmacology
jpn. j. toxicol. environ. health,japanese journal of toxicology and environment health
jsme int j., ser. a,jsme international journal series a: mechanics and material engineering
jsme int j., ser. b,jsme international journal series b: fluids and thermal engineering
jsme int j., ser. c,jsme international journal series c: mechanical systems machine elements and manufacturing
kautsch. gummi kunstst.,kautschuk gummi kunststoffe
key eng. mater.,key engineering materials
khim. fiz.,khimicheskaya fizika
kinet. catal.,kinetics and catalysis
kinet. katal.,kinetika i kataliz
kolloidn zh,kolloidn zhurnal
koord. khim.,koordinatsionnaya khimiya (russian journal of coordination chemistry)
korean j. chem. eng.,korean journal of chemical engineering
kovove mater.,kovove materialy metallic materials
lab. autom. inf. manage.,laboratory automation and information management
lab. invest.,laboratory investigation
lab. rob. autom.,laboratory robotics and automation
laser chem.,laser chemistry
lc-gc,lc-gc the magazine of separation science
lett. appl. microbiol.,letters in applied microbiology
lett. pept. sci.,letters in peptide science
liebigs ann. chem.,liebigs annalen der chemie
liebigs ann. recl.,liebigs annalen - recueil
life sci.,life sciences
liq. cryst.,liquid crystals
lubr. eng.,lubrication engineering
lubr. sci.,lubrication science
m, 
macromol. chem. phys.,macromolecular chemistry and physics
macromol. rapid commun.,macromolecular rapid communications
macromol. symp.,macromolecular symposium
macromol. theory simul.,macromolecular theory and simulations
magn. reson. chem.,magnetic resonance in chemistry
magn. reson. mater. phys., biol. med.,magnetic resonance materials in physics, biology and medicine
magy. kem. foly.,magyar kemiai folyoirat
main group chem.,main group chemistry
main group met. chem.,main group metal chemistry
manuf. chem.,manufacturing chemist
mar. biol.,marine biology
mar. biotechnol.,marine biotechnology
mar. chem.,marine chemistry
mar. environ. res.,marine environment research
mar. pollut. bull.,marine pollutution bulletin
mass spectrom. rev.,mass spectrometry reviews
mater. .,materials uation
mater. charact.,materials characterization
mater. chem. phys.,materials chemistry and physics
mater. corros.,materials and corrosion
mater. des.,materials and design
mater. forum,materials forum
mater. high temp.,materials at high temperatures
mater. lett.,materials letters
mater. manuf. processes,materials and manufacturing processes
mater. org.,materials and organisms
mater. performance,materials performance
mater. res. bull.,materials research bulletin
mater. res. innovations,materials research innovations
mater. sci.,materials science
mater. sci. eng., a,materials science and engineering a
mater. sci. eng., b,materials science and engineering b
mater. sci. eng., c,materials science and engineering c
mater. sci. eng., r,materials science and engineering reports
mater. sci. forum,materials science forum
mater. sci. res. int.,materials science research international
mater. sci. semicond. process.,materials science in semiconductor processing
mater. sci. technol.,materials science and technology
mater. struct.,materials and structures
mater. today,materials today
mater. trans., jim,materials transactions, jim
materialwiss. werkstofftech.,materialwissenschaft und werkstofftechnik
matrix biol.,matrix biology
meas. sci. technol.,measurement science and technology
mech. compos. mater.,mechanics of composite materials
mech. compos. mater. struct.,mechanics of composite materials and structures
mech. mater.,mechanics of materials
mech. time-depend. mater.,mechanics of time dependent materials
med. chem. res.,medicinal chemistry research
mendeleev commun.,mendeleev communications
met. ions biol. syst.,metal ions in biological systems
met. sci. heat treat.,metal science and heat treatment
met.-based drugs,metal-based drugs
metab. eng.,metabolic engineering
metall. mater. trans. a,metallurgical and materials transactions a: physical metallurgy and materials science
metall. mater. trans. b,metallurgical and materials transactions b: process metallurgy and materials processing science
metall. trans. a,metallurgical transactions a
metall. trans. b,metallurgical transactions b
metalloved. term. obrab. met.,metallovedenie i termicheskaya obrabotka metallov
methods biochem. anal.,methods of biochemical analysis
methods enzymol.,methods in enzymology
microb. comp. genomics,microbial and comparative genomics
microbiol. res.,microbiological research
microchem. j.,microchemical journal
microelectron. eng.,microelectronic engineering
microelectron. j.,microelectronics journal
microporous mater.,microporous materials
microporous mesoporous mater.,microporous and mesoporous materials
microsc. microanal.,microscopy and microanalysis
microsc. res. tech.,microscopy research and technique
microscale thermophys. eng.,microscale thermophysical engineering
mikrochim. acta,mikrochimica acta
mine water environ.,mine water and the environment
miner. eng.,minerals engineering
miner. metall. process,minerals and metallurgical processing
miner. process. extr. metall. rev.,mineral processing and extractive metallurgy review
mini-rev. med. chem.,mini - reviews in medicinal chemistry
mod. drug discovery,modern drug discovery
mod. phys. lett. a,modern physics letters a
mod. phys. lett. b,modern physics letters b
modell. simul. mater. sci. eng.,modelling and simulation in materials science and engineering
mol. cell. biochem.,molecular and cellular biochemistry
mol. cryst. liq. cryst. sci. technol., sect. a,molecular crystals and liquid crystals science and technology section a
mol. cryst. liq. cryst. sci. technol., sect. c,molecular crystals and liquid crystals science and technology section c
mol. interventions,molecular interventions
mol. mar. biol. biotech,,molecular marine biology and biotechnology
mol. microbiol.,molecular microbiology
mol. pharmacol.,molecular pharmacology
mol. phys.,molecular physics
mol. reprod. dev,molecular reproduction and development
mol. supramol. photochem.,molecular and supramolecular photochemistry
mon. not. r. astron. soc.,monthy notices of the royal astronomical society
monatsh. chem.,monatshefte fur chemie
mrs bull.,mrs bulletin
mrs internet j. nitride semicond. res.,mrs internet journal of nitride semiconductor research
nachr. chem. tech. lab.,nachrichten aus chemie technik und laboratorium
nano lett.,nano letters
nanostruct. mater.,nanostructured materials
nat. biotechnol.,nature biotechnology
nat. prod. lett.,natural products letters
nat. prod. rep.,natural products reports
nat. prod. sci.,natural product sciences
nat. struct. biol.,natural structural biology
nat. toxins,natural toxins
nato asi ser., ser. a,nato asi series, series a life sciences
nato asi ser., ser. b,nato asi series, series b physics
nato asi ser., ser. c,nato asi series, series c mathematical and physical sciences
nato asi ser., ser. e,nato asi series, series e applied physics
nato asi ser., ser. g,nato asi series, series g ecological sciences
nato asi ser., ser. h,nato asi series, series h cell biology
naunyn-schmiedeberg's arch. pharmacol.,naunyn-schmiedeberg's archives of pharmacology
ndt and e int.,ndt and e international
neft. khoz.,neftyanoe khozyaistvo (petroleum industry)
neorg. mater.,neorganicheskie materialy
neurochem. int.,neurochemistry international
neurochem. res.,neurochemical research
new compr. biochem.,new comprehensive biochemistry
new diamond front. carbon technol.,new diamond and frontier carbon technology
new j. chem.,new journal of chemistry
new polym. mat.,new polymeric materials
nmr biomed.,nmr in biomedicine
nucl. eng. des.,nuclear engineering and design
nucl. fusion,nuclear fusion
nucl. instrum. methods phys. res., sect. a,nuclear instruments and methods in physical research section a
nucl. instrum. methods phys. res., sect. b,nuclear instruments and methods in physical research section b
nucl. phys. a,nuclear physics a
nucl. phys. b,nuclear physics b
nucl. technol.,nuclear technology
nucleic acids res.,nucleic acids research
numer. heat transfer, part a,numerical heat transfer part a
numer. heat transfer, part b,numerical heat transfer part b
nuovo cimento soc. ital. fis., a,nuovo cimento della societa italiana di fisica a
nuovo cimento soc. ital. fis., b,nuovo cimento della societa italiana di fisica b
nuovo cimento soc. ital. fis., c,nuovo cimento della societa italiana di fisica c
nuovo cimento soc. ital. fis., d,nuovo cimento della societa italiana di fisica d
oil gas j.,oil and gas journal
opt spektrosk.,optika i spektroskopiya
opt. commun.,optics communication
opt. express,optics express
opt. lett.,optics letters
opt. mater.,optical materials
opt. spectrosc.,optics and spectroscopy
opt. zh.,opticheskii zhurnal
org. electron.,organic electronics
org. geochem.,organic geochemistry
org. lett.,organic letters
org. mass spectrom.,organic mass spectrometry
org. prep. proced. int.,organic preparations and procedures international
org. process res. dev.,organic process research and development
org. react. mech.,organic reaction mechanics
organohalogen compd.,organohalogen compounds
organomet. chem.,organometallic chemistry
origins life evol. biosphere,origins of life and evolution of the biosphere
oxid. met.,oxidation of metals
ozone sci. eng.,ozone science and engineering
p, 
part. part. syst. char.,particle and particle systems characterization
part. sci. technol.,particulate science and technology
pccp,physical chemistry chemical physics
perspect. drug discovery des.,perspectives in drug discovery and design
pestic. biochem. physiol.,pesticide biochemistry and physiology
pestic. outlook,pesticide outlook
pet. sci. technol.,petroleum science and technology
pharm. chem. j.,pharmaceutical chemistry journal
pharm. pharmacol. commun.,pharmacy and pharmacology communications
pharm. pharmacol. lett.,pharmaceutical and pharmacological letters
pharm. res.,pharmaceutical research
pharm. technol.,pharmaceutical technology
pharmacol. res.,pharmacological research
phase transitions,phase transitions
philos. mag. a,philosophical magazine a
philos. mag. b,philosophical magazine b
philos. mag. lett.,philosophical magazine letters
philos. trans. r. soc. london, ser. a,philosophical transactions of the royal society of london, series a
philos. trans. r. soc. london, ser. b,philosophical transactions of the royal society of london, series b
phosphorus, sulfur silicon relat. elem.,phosphorus sulfur silicon and the related elements
photochem. photobiol.,photochemistry and photobiology
photosynth. res.,photosynthesis research
phys. chem. chem. phys.,physical chemistry chemical physics
phys. chem. glasses,physics and chemistry of glasses
phys. chem. liq.,physics and chemistry of liquids
phys. chem. miner.,physics and chemistry of minerals
phys. fluids a,physics of fluids a
phys. fluids b,physics of fluids b
phys. lett. a,physics letters a
phys. lett. b,physics letters b
phys. rev. a: at. mol. opt. phys.,physical review a: atomic, molecular, and optical physics
phys. rev. b: condens. matter,physical review b: condensed matter
phys. rev. c: nucl. phys.,physical review c: nuclear physics
phys. rev. d: part. fields,physical review d: particles and fields
phys. rev. e: stat. phys., plasmas, fluids,,physical review e: statistical physics, plasmas, fluids, and related interdisciplinary topics
phys. rev. lett.,physical review letters
phys. scr.,physica scripta
phys. status solidi a,physical status solidi a
phys. status solidi b,physical status solidi b
physica a,physica a
physica b,physica b
physica c,physica c
physica d,physica d
physica e,physica e
physiol. biochem. zool.,physiological and biochemical zoology
physiol. chem. phys. med. nmr,physiological chemistry and physics and medical nmr
physiol. plant.,physiologia plantarum
phytochem. anal,phytochemical analysis
plant physiol. biochem.,plant physiology and biochemistry
planta med.,planta medica
plasma chem. plasma process.,plasma chemistry and plasma processing
plasma phys. controlled fusion,plasma physics and controlled fusion
plasma sources sci. technol.,plasma sources science and technology
plasmas polym.,plasmas and polymers
plast. eng.,plastics engineering
plast. rubber compos. process. appl.,plastics rubber and composites processing and applications
plat. surf. finish.,plating and surface finishing
platinum met. rev.,platinum metals review
pol. j. chem.,polish journal of chemistry
polycyclic aromat. compd.,polycyclic aromatic compounds
polym. adv. technol.,polymers for advanced technologies
polym. bull.,polymer bulletin
polym. compos.,polymer composites
polym. degrad. stab.,polymer degradation and stability
polym. eng. sci.,polymer engineering and science
polym. gels networks,polymer gels and networks
polym. int.,polymer international
polym. j.,polymer journal
polym. mater. sci. eng.,polymeric materials science and engineering
polym. networks blends,polymer networks and blends
polym. plast. technol. eng.,polymer - plastics technology and engineering
polym. polym. compos.,polymers and polymer composites
polym. prepr. (am. chem. soc., div. polym. chem.),polymeric preprints (american chemical society, division of polymer chemistry)
polym. react. eng.,polymer reaction engineering
polym. recycl.,polymer recycling
polym. test.,polymer testing
powder diffr.,powder diffraction
powder metall.,powder metallurgy
powder metall. met. ceram.,powder metallurgy and metal ceramics
powder technol.,powder technology
prep. biochem. biotechnol.,preparative biochemistry and biotechnology
prepr. - am. chem. soc., div. pet. chem.,preprints - american chemical society, division of petroleum chemistry
prepr. pap. - am. chem. soc., div. fuel chem.,preprint papers - american chemical society, division of fuel chemistry
proc. r. soc. london, ser. a,proceedings of the royal society of london series a
proc. r. soc. london, ser. b,proceedings of the royal society of london series b
process biochem.,process biochemistry
process control qual.,process control and quality
process saf. environ. prot.,process safety and environment protection
process saf. prog.,process safety progress
prog. biophys. mol. biol.,progress in biophysics and molecular biology
prog. biotechnol.,progress in biotechnology
prog. chem. org. nat. prod.,progress
prog. colloid polym. sci.,progress in colloid and polymer science
prog. cryst. growth charact. mater.,progress in crystal growth and characterization of materials
prog. energy combust. sci.,progress in energy and combustion science
prog. heterocycl. chem.,progress in heterocyclic chemistry
prog. ind. microbiol.,progress in industrial microbiology
prog. inorg. chem.,progress in inorganic chemistry
prog. lipid res.,progress in lipid research
prog. mater sci.,progress in materials science
prog. nucl. magn. reson. spectrosc.,progress in nuclear magnetic resonance spectroscopy
prog. org. coat.,progress in organic coatings
prog. pap. recycl.,progress in paper recycling
prog. polym. sci.,progress in polymer science
prog. react. kinet.,progress in reaction kinetics
prog. solid state chem.,progress in solid state chemistry
prog. surf. sci.,progress in surface science
prot. met,protection of metals
protein eng.,protein engineering
protein sci.,protein science
przem. chem.,przemysl chemiczny
pure and applied chemistryquant. struct.-act. relat.,
pure appl. chem.,quantitative structure-activity relationships
quim. anal. (barcelona),quimica analitica
quim. nova,quimica nova 
radiat eff. defects solids,radiation effects and defects in solids
radiat. phys. chem.,radiation physics and chemistry
radiat. prot. dosim.,radiation protection dosimetry
radiat. res.,radiation research
radiochim. acta,radiochima acta
rapid commun. mass spectrom.,rapid communications in mass spectrometry
rapra rev. rep.,rapra review reports
react. funct. polym.,reactive and functional polymers
react. kinet. catal. lett.,reaction kinetics and catalysis letters
recl. trav. chim. pays-bas,recueil des travaux chimiques des pays-bas journal of the royal netherlands chemical society
refract. ind. ceram,refractories and industrial ceramics
regul. toxicol. pharm.,regulatory toxicology and pharmacology
rep. prog. phys.,reports on progress in physics
res. chem. intermed.,research on chemical intermediates
res. commun. mol. pathol. pharmacol.,research communications in molecular pathology and pharmacology
res. microbiol.,research in microbiology
rev. anal. chem,reviews in analytical chemistry
rev. chem. eng.,reviews in chemical engineering
rev. chim.,revista de chimie
rev. comput. chem.,reviews in computational chemistry
rev. environ. contam. toxicol.,reviews of environment contamination and toxicology
rev. gen. therm.,revue generale de thermique
rev. metall. / cah. inf. tech.,revue de metallurgie / cahiers d'informations techniques
rev. physiol., biochem. pharmacol.,reviews of physiology biochemistry and pharmacology
rev. roum. chim.,revue roumaine de chimie
rev. sci. instrum.,review of scientific instruments
rheol. acta,rheologica acta
rubber chem. technol.,rubber chemistry and technology
russ. chem. bull.,russian chemical bulletin
russ. j. appl. chem.,russian journal of applied chemistry
russ. j. bioorg. chem.,russian journal of bioorganic chemistry
russ. j. coord. chem.,russion journal of coordination chemistry
russ. j. electrochem.,russian journal of electrochemistry
russ. j. gen. chem.,russian journal of general chemistry
russ. j. nondestr. test.,russian journal of nondestructive testing
russ. j. org. chem.,russian journal of organic chemistry
russ. metall.,russian metallurgy
s. afr. j. chem.,south african journal of chemistry
sampe j.,sampe journal
scand. j. metall.,scandinavian journal of metallurgy
sci. china, ser. b,science in china, series b chemistry
sci. china, ser. e,science in china, series e technological sciences
sci. prog.,science progress
sci. technol. weld. joining,science and technology of welding and joining /font>
sci. total environ.,science of the total environment
scripta mater.,scripta materialia
semicond. sci. technol.,semiconductor science and technology
sens. actuators, a,sensors and actuators, a
sens. actuators, b,sensors and actuators, b
sep. purif. methods,separation and purification methods
sep. purif. technol.,separation and purification technology
sep. sci. technol.,separation science and technology
silic. indus.,silicates industriels
smart mater. struct.,smart materials and structures
soil biol. biochem.,soil biology and biochemistry
sol. energy mater. sol. cells,solar energy materials and solar cells
solid state commun.,solid state communications
solid state ionics,solid state ionics
solid state nucl. magn. reson.,solid state nuclear magnetic resonance
solid-state electron.,solid state electronics
solvent extr. ion exch.,solvent extraction and ion exchange
spectrochim. acta,spectrochimica acta
spectrochim. acta, part a,spectrochimica acta, part a
spectrochim. acta, part b,spectrochimica acta, part b
spectrosc. eur.,spectroscopy europe
spectrosc. lett.,spectroscopy letters
spectrosc. prop. inorg. organomet. compd.,spectroscopic properties of inorganic and organometallic compounds
speculations sci. technol.,speculations in science and technology
spill sci. technol. bull.,spill science and technology bulletin
springer ser. chem. phys.,springer series in chemical physics
springer ser. solid-state sci.,springer series in solid-state sciences
struct. bond.,structure and bonding
struct. chem.,structural chemistry
stud. nat. prod. chem.,studies in natural products chemistry
stud. surf. sci. catal.,studies in surface science and catalysis
supercond. sci. technol.,superconductor science and technology
superlattices microstruct.,superlattices and microstructures
supramol. chem.,supramolecular chemistry
supramol. photosensit. electroact. mater.,supramolecular photosensitive and electroactive materials
supramol. sci.,supramolecular science
surf. coat. int.,surface coatings international
surf. coat. technol.,surface and coatings technology
surf. eng.,surface engineering
surf. interface anal.,surface and interface analysis
surf. rev. lett.,surface review and letters
surf. sci.,surface science
surf. sci. rep.,surface science reports
surf. sci. spectra,surface science spectra
synth. commun.,synthetic communications
synth. met.,synthetic metals
synth. react. inorg. met.-org. chem.,synthesis and reactivity in inorganic and metal-organic chemistry
tappi j.,tappi journal
tetrahedron lett.,tetrahedron letters
tetrahedron: asymmetry,tetrahedron: asymmetry
theochem,theochem journal of molecular structure
theor. chem. acc.,theoretical chemistry accounts
theor. exp. chem.,theoretical and experimental chemistry
theor. found. chem. eng.,theoretical foundations of chemical engineering
thermochim. acta,thermochimica acta
thin solid films,thin solid films
tissue eng.,tissue engineering
top. appl. phys.,topics in applied physics
top. biol. inorg. chem.,topics in biological and inorganic chemistry
top. catal.,topics in catalysis
top. curr. chem.,topics in current chemistry
top. fluoresc. spectrosc.,topics in fluorescence spectroscopy
top. inorg. chem.,topics in inorganic chemistry
toxicol. appl. pharmacol.,toxicology and applied pharmacology
toxicol. environ. chem.,toxicological and environmental chemistry
toxicol. lett.,toxicology letters
toxicol. sci.,toxicological sciences
trac, trends anal. chem.,trac trends in analytical chemistry
trace elem. electrolytes,trace elements and electrolytes
trans. inst. met. finish.,transactions of the institution of metal finishing
trans. inst. min. metall., sect. a,transactions of the institution of mining and metallurgy section a
trans. inst. min. metall., sect. b,transactions of the institution of mining and metallurgy section b
trans. inst. min. metall., sect. c,transactions of the institution of mining and metallurgy section c
transition met. chem.,transition metal chemistry
trends biochem. sci,trends in biochemical sciences
trends biotechnol.,trends in biotechnology
tsvetn. met. (moscow),tsvetnaya metally
ukr. fiz. zh.,ukrainskii fizicheskii zhurnal
ukr. khim. zh.,ukrainskii khimicheskii zhurnal
ultrason. sonochem.,ultrasonics sonochemistry
usp. khim.,uspekhi khimii
vib. spectrosc ,vibrational spectroscopy
waste manage. (oxford),waste management
waste manage. res.,waste management and research
water environ. res,water environment research
water res.,water research
water resour. res.,water resources research
water sci. technol.,water science and technology
water, air, soil pollut.,water, air, and soil pollution
world j. microbiol. biotechnol.,world journal of microbiology and biotechnology
x-ray spectrom.,x-ray spectrometry
z. anorg. allg. chem.,zeitschrift fur anorganische und allgemeine chemie
z. kristallogr.,zeitschrift fur kristallograhie
z. kristallogr. - new cryst. struct.,zeitschrift fur kristallograhie - new crystral stuctures
z. metailkd.,zeitschrift fur metailkunde
z. naturforsch., a: phys. sci.,zeitschrift fur naturforschung a: journal of physical sciences
z. naturforsch., b: chem. sci.,zeitschrift fur naturforschung b: journal of chemical sciences
z. naturforsch., c: biosci.,zeitschrift fur naturforschung c: journal of biosciences
z. phys. a: hadrons nucl.,zeitschrift fur physik a: hadrons and nuclei
z. phys. b: condens. matter,zeitschrift fur physik b: condensed matter
z. phys. c: part. fields,zeitschrift fur physik c: particle fields
z. phys. chem.,zeitschrift fur physikalische chemie
z. phys. d: at., mol. clusters,zeitschrift fur physik d: atoms, molecules and clusters
zh. fiz. khim.,zhurnal fizicheskoi khimii
zh. neorg. khim.,zhurnal neorganicheskoi khimii
zh. obshch. khim.,zhurnal obshchei khimii
zh. org. khim.,zhurnal organicheskoi khimii
zh. prikl. khim.,zhurnal prikladnoi khimii
proc.natl.acad.sci.usa,proceedings of the national academy of sciences of the united states of america
